scenario,entry_slippage,exit_slippage,spread_multiplier,total_trades,win_rate,profit_factor,max_drawdown,net_pnl
normal,0,0,1,34,0.9411764705882352941176470588,12.10904255319148936170212811,2.5478571428571428571429,35.802857142857142857142857
moderate stress,0.05,0.05,1.5,34,0.7647058823529411764705882353,7.783264499910217274196444812,4.50285714285714285714286,26.982857142857142857142857
severe stress,0.15,0.15,2.5,34,0.4705882352941176470588235294,1.755109109802563214409421542,13.79285714285714285714286,9.342857142857142857142857
