risk_pct,ending_equity,net_return_pct,max_drawdown_pct,average_monthly_return_pct,best_monthly_return_pct,worst_monthly_return_pct,positive_months,months_at_or_above_10pct,total_months
0.005,15673.18906842565787424716760,56.73189068425657874247167600,23.03987611016754801077703902,0.7771491874555695718146804808,10.61978163254382179807923188,-4.697382875482740312213034279,45,1,73
0.01,23367.19975218059078481625160,133.6719975218059078481625160,47.08339955345865087918379602,1.831123253723368600659760478,30.73760800437510963203234651,-9.349396877369492406286306782,45,5,73
0.02,44832.21544935717297054133874,348.3221544935717297054133874,96.31371563595507974898837454,4.771536362925640132950868310,111.6016632513962677762347388,-22.49917760512755564702161956,44,17,73
